{
  "id": "3862433",
  "name": "oms业务中台",
  "font_family": "iconfont",
  "css_prefix_text": "icon-",
  "description": "",
  "glyphs": [
    {
      "icon_id": "34556760",
      "name": "删除",
      "font_class": "shanchu1",
      "unicode": "e653",
      "unicode_decimal": 58963
    },
    {
      "icon_id": "34556599",
      "name": "添加",
      "font_class": "tianjia1",
      "unicode": "e652",
      "unicode_decimal": 58962
    },
    {
      "icon_id": "34536411",
      "name": "icon_上传文件",
      "font_class": "icon_shangchuanwenjian",
      "unicode": "e651",
      "unicode_decimal": 58961
    },
    {
      "icon_id": "34516841",
      "name": "问号",
      "font_class": "wenhao",
      "unicode": "e650",
      "unicode_decimal": 58960
    },
    {
      "icon_id": "34366907",
      "name": "拖拽图标",
      "font_class": "tuozhuaitubiao",
      "unicode": "e64b",
      "unicode_decimal": 58955
    },
    {
      "icon_id": "34366908",
      "name": "点击选择按钮",
      "font_class": "dianjixuanzeanniu",
      "unicode": "e64f",
      "unicode_decimal": 58959
    },
    {
      "icon_id": "34181875",
      "name": "空内容",
      "font_class": "kongneirong1",
      "unicode": "e64e",
      "unicode_decimal": 58958
    },
    {
      "icon_id": "34181022",
      "name": "空内容",
      "font_class": "kongneirong",
      "unicode": "e64d",
      "unicode_decimal": 58957
    },
    {
      "icon_id": "34180815",
      "name": "半选",
      "font_class": "banxuan",
      "unicode": "e641",
      "unicode_decimal": 58945
    },
    {
      "icon_id": "34081440",
      "name": "icon_shangpingl_nomal",
      "font_class": "icon_shangpingl_nomal1",
      "unicode": "e647",
      "unicode_decimal": 58951
    },
    {
      "icon_id": "34059847",
      "name": "下载",
      "font_class": "xiazai",
      "unicode": "e64c",
      "unicode_decimal": 58956
    },
    {
      "icon_id": "34059004",
      "name": "商品占位图",
      "font_class": "shangpinzhanweitu",
      "unicode": "e63c",
      "unicode_decimal": 58940
    },
    {
      "icon_id": "34029221",
      "name": "未选中",
      "font_class": "weixuanzhong",
      "unicode": "e63a",
      "unicode_decimal": 58938
    },
    {
      "icon_id": "34029290",
      "name": "预览",
      "font_class": "yulan",
      "unicode": "e64a",
      "unicode_decimal": 58954
    },
    {
      "icon_id": "33990345",
      "name": "icon_shangpingl_light",
      "font_class": "icon_shangpingl_light",
      "unicode": "e648",
      "unicode_decimal": 58952
    },
    {
      "icon_id": "33990346",
      "name": "icon_shangpingl_nomal",
      "font_class": "icon_shangpingl_nomal",
      "unicode": "e649",
      "unicode_decimal": 58953
    },
    {
      "icon_id": "33837187",
      "name": "画板 3",
      "font_class": "a-huaban3",
      "unicode": "e645",
      "unicode_decimal": 58949
    },
    {
      "icon_id": "33837188",
      "name": "画板 2",
      "font_class": "a-huaban2",
      "unicode": "e646",
      "unicode_decimal": 58950
    },
    {
      "icon_id": "33774770",
      "name": "关闭按钮",
      "font_class": "guanbianniu",
      "unicode": "e644",
      "unicode_decimal": 58948
    },
    {
      "icon_id": "33773204",
      "name": "icon_搜索",
      "font_class": "icon_sousuo",
      "unicode": "e62f",
      "unicode_decimal": 58927
    },
    {
      "icon_id": "33773205",
      "name": "icon_home_light",
      "font_class": "icon_home_light",
      "unicode": "e630",
      "unicode_decimal": 58928
    },
    {
      "icon_id": "33773206",
      "name": "箭头2",
      "font_class": "jiantou2",
      "unicode": "e631",
      "unicode_decimal": 58929
    },
    {
      "icon_id": "33773208",
      "name": "icon_wuliuzx_light",
      "font_class": "icon_wuliuzx_light",
      "unicode": "e632",
      "unicode_decimal": 58930
    },
    {
      "icon_id": "33773209",
      "name": "icon_kefuzx_light",
      "font_class": "icon_kefuzx_light",
      "unicode": "e633",
      "unicode_decimal": 58931
    },
    {
      "icon_id": "33773210",
      "name": "icon_home_nomal",
      "font_class": "icon_home_nomal",
      "unicode": "e634",
      "unicode_decimal": 58932
    },
    {
      "icon_id": "33773211",
      "name": "icon_wuliuzx_nomal",
      "font_class": "icon_wuliuzx_nomal",
      "unicode": "e635",
      "unicode_decimal": 58933
    },
    {
      "icon_id": "33773212",
      "name": "描边箭头",
      "font_class": "miaobianjiantou",
      "unicode": "e636",
      "unicode_decimal": 58934
    },
    {
      "icon_id": "33773213",
      "name": "勾选",
      "font_class": "gouxuan",
      "unicode": "e637",
      "unicode_decimal": 58935
    },
    {
      "icon_id": "33773214",
      "name": "icon_kefuzx_nomal",
      "font_class": "icon_kefuzx_nomal",
      "unicode": "e638",
      "unicode_decimal": 58936
    },
    {
      "icon_id": "33773216",
      "name": "默认头像",
      "font_class": "morentouxiang",
      "unicode": "e639",
      "unicode_decimal": 58937
    },
    {
      "icon_id": "33773218",
      "name": "删除",
      "font_class": "shanchu",
      "unicode": "e63b",
      "unicode_decimal": 58939
    },
    {
      "icon_id": "33773220",
      "name": "编辑",
      "font_class": "bianji",
      "unicode": "e63d",
      "unicode_decimal": 58941
    },
    {
      "icon_id": "33773221",
      "name": "添加",
      "font_class": "tianjia",
      "unicode": "e63e",
      "unicode_decimal": 58942
    },
    {
      "icon_id": "33773222",
      "name": "提示图标",
      "font_class": "tishitubiao",
      "unicode": "e63f",
      "unicode_decimal": 58943
    },
    {
      "icon_id": "33773328",
      "name": "重置",
      "font_class": "zhongzhi",
      "unicode": "e640",
      "unicode_decimal": 58944
    },
    {
      "icon_id": "33773366",
      "name": "icon_xitonggl_nomal",
      "font_class": "icon_xitonggl_nomal",
      "unicode": "e642",
      "unicode_decimal": 58946
    },
    {
      "icon_id": "33773367",
      "name": "icon_xitonggl_light",
      "font_class": "icon_xitonggl_light",
      "unicode": "e643",
      "unicode_decimal": 58947
    },
    {
      "icon_id": "33773012",
      "name": "icon_jichuzl_light",
      "font_class": "icon_jichuzl_light",
      "unicode": "e629",
      "unicode_decimal": 58921
    },
    {
      "icon_id": "33773013",
      "name": "icon_yingxiaogl_nomal-1",
      "font_class": "icon_yingxiaogl_nomal-1",
      "unicode": "e62a",
      "unicode_decimal": 58922
    },
    {
      "icon_id": "33773015",
      "name": "icon_yingxiaogl_nomal",
      "font_class": "icon_yingxiaogl_nomal",
      "unicode": "e62b",
      "unicode_decimal": 58923
    },
    {
      "icon_id": "33773016",
      "name": "icon_dingdanzx_light",
      "font_class": "icon_dingdanzx_light",
      "unicode": "e62c",
      "unicode_decimal": 58924
    },
    {
      "icon_id": "33773018",
      "name": "icon_dingdanzx_nomal",
      "font_class": "icon_dingdanzx_nomal",
      "unicode": "e62d",
      "unicode_decimal": 58925
    },
    {
      "icon_id": "33773019",
      "name": "icon_jichuzl_nomal",
      "font_class": "icon_jichuzl_nomal",
      "unicode": "e62e",
      "unicode_decimal": 58926
    },
    {
      "icon_id": "33771142",
      "name": "icon_celuegl_nomal",
      "font_class": "icon_celuegl_nomal",
      "unicode": "e627",
      "unicode_decimal": 58919
    },
    {
      "icon_id": "33771143",
      "name": "icon_celuegl_nomal-1",
      "font_class": "icon_celuegl_nomal-1",
      "unicode": "e628",
      "unicode_decimal": 58920
    }
  ]
}
